{"cameraMode":{"drawMode":0,"name":"Shaded","section":"Shading Mode"},"sceneLighting":true,"audioPlay":false,"sceneViewState":{"m_AlwaysRefresh":false,"showFog":true,"showSkybox":true,"showFlares":true,"showImageEffects":true,"showParticleSystems":true,"showVisualEffectGraphs":true,"m_FxEnabled":true},"in2DMode":false,"pivot":{"x":-35.36531066894531,"y":-27.56646728515625,"z":9.50381088256836},"rotation":{"x":0.31439492106437685,"y":-0.008873353712260723,"z":0.0028968150727450849,"w":0.9493244886398315},"size":62.31598663330078,"orthographic":false}