{"cameraMode":{"drawMode":0,"name":"Shaded","section":"Shading Mode"},"sceneLighting":true,"audioPlay":false,"sceneViewState":{"m_AlwaysRefresh":false,"showFog":true,"showSkybox":true,"showFlares":true,"showImageEffects":true,"showParticleSystems":true,"showVisualEffectGraphs":true,"m_FxEnabled":true},"in2DMode":false,"pivot":{"x":-12.200572967529297,"y":-103.80683135986328,"z":26.360076904296876},"rotation":{"x":-0.5685280561447144,"y":-0.014996543526649475,"z":0.010431135073304177,"w":-0.8225027322769165},"size":126.87014770507813,"orthographic":false}