{"cameraMode":{"drawMode":0,"name":"Shaded","section":"Shading Mode"},"sceneLighting":true,"audioPlay":false,"sceneViewState":{"m_AlwaysRefresh":false,"showFog":true,"showSkybox":true,"showFlares":true,"showImageEffects":true,"showParticleSystems":true,"showVisualEffectGraphs":true,"m_FxEnabled":true},"in2DMode":false,"pivot":{"x":-32.96434783935547,"y":0.20410609245300294,"z":79.44749450683594},"rotation":{"x":-0.4208056330680847,"y":0.059541136026382449,"z":-0.027756672352552415,"w":-0.9048479199409485},"size":1.653977394104004,"orthographic":false}