{"cameraMode":{"drawMode":0,"name":"Shaded","section":"Shading Mode"},"sceneLighting":true,"audioPlay":false,"sceneViewState":{"m_AlwaysRefresh":false,"showFog":true,"showSkybox":true,"showFlares":true,"showImageEffects":true,"showParticleSystems":true,"showVisualEffectGraphs":true,"m_FxEnabled":true},"in2DMode":false,"pivot":{"x":-25.929224014282228,"y":-13.036222457885743,"z":10.065475463867188},"rotation":{"x":-0.4063836932182312,"y":-0.11079758405685425,"z":0.04979852959513664,"w":-0.9056251645088196},"size":51.001827239990237,"orthographic":false}