{"cameraMode":{"drawMode":0,"name":"Shaded","section":"Shading Mode"},"sceneLighting":false,"audioPlay":false,"sceneViewState":{"m_AlwaysRefresh":false,"showFog":true,"showSkybox":false,"showFlares":true,"showImageEffects":true,"showParticleSystems":true,"showVisualEffectGraphs":true,"m_FxEnabled":true},"in2DMode":false,"pivot":{"x":0.02913886308670044,"y":0.10397772490978241,"z":-0.017866194248199464},"rotation":{"x":-0.006847998593002558,"y":0.9843605160713196,"z":-0.17181770503520966,"w":-0.038961343467235568},"size":0.5967302918434143,"orthographic":false}